﻿<?xml version="1.0" encoding="utf-8"?>
<abapGit version="v1.0.0" serializer="ZCL_ABAPGIT_OBJECT_BY_SOBJ" serializer_version="1.0">
 <asx:abap xmlns:asx="http://www.sap.com/abapxml" version="1.0">
  <asx:values>
   <USOBHASH>
    <USOBHASH>
     <NAME>0560C82AB51F743EAC25E4B5233360</NAME>
     <TYPE>HT</TYPE>
     <PGMID>R3TR</PGMID>
     <OBJECT>IWSV</OBJECT>
     <OBJ_NAME>ZPRCHDRAP_SB                       0001</OBJ_NAME>
    </USOBHASH>
   </USOBHASH>
   <USOBHASH_field_catalog>
    <item>
     <POS>1</POS>
     <NAME>NAME</NAME>
     <TYPE_KIND>C</TYPE_KIND>
     <LENGTH>30</LENGTH>
     <IS_KEY>X</IS_KEY>
    </item>
    <item>
     <POS>2</POS>
     <NAME>TYPE</NAME>
     <TYPE_KIND>C</TYPE_KIND>
     <LENGTH>2</LENGTH>
     <IS_KEY>X</IS_KEY>
    </item>
    <item>
     <POS>3</POS>
     <NAME>PGMID</NAME>
     <TYPE_KIND>C</TYPE_KIND>
     <LENGTH>4</LENGTH>
    </item>
    <item>
     <POS>4</POS>
     <NAME>OBJECT</NAME>
     <TYPE_KIND>C</TYPE_KIND>
     <LENGTH>4</LENGTH>
    </item>
    <item>
     <POS>5</POS>
     <NAME>OBJ_NAME</NAME>
     <TYPE_KIND>C</TYPE_KIND>
     <LENGTH>40</LENGTH>
    </item>
    <item>
     <POS>6</POS>
     <NAME>SERVICE_TYPE</NAME>
     <TYPE_KIND>C</TYPE_KIND>
     <LENGTH>16</LENGTH>
    </item>
    <item>
     <POS>7</POS>
     <NAME>SERVICE</NAME>
     <TYPE_KIND>g</TYPE_KIND>
    </item>
   </USOBHASH_field_catalog>
   <USOBT_field_catalog>
    <item>
     <POS>1</POS>
     <NAME>NAME</NAME>
     <TYPE_KIND>C</TYPE_KIND>
     <LENGTH>30</LENGTH>
     <IS_KEY>X</IS_KEY>
    </item>
    <item>
     <POS>2</POS>
     <NAME>TYPE</NAME>
     <TYPE_KIND>C</TYPE_KIND>
     <LENGTH>2</LENGTH>
     <IS_KEY>X</IS_KEY>
    </item>
    <item>
     <POS>3</POS>
     <NAME>OBJECT</NAME>
     <TYPE_KIND>C</TYPE_KIND>
     <LENGTH>10</LENGTH>
     <IS_KEY>X</IS_KEY>
    </item>
    <item>
     <POS>4</POS>
     <NAME>FIELD</NAME>
     <TYPE_KIND>C</TYPE_KIND>
     <LENGTH>10</LENGTH>
     <IS_KEY>X</IS_KEY>
    </item>
    <item>
     <POS>5</POS>
     <NAME>LOW</NAME>
     <TYPE_KIND>C</TYPE_KIND>
     <LENGTH>40</LENGTH>
     <IS_KEY>X</IS_KEY>
    </item>
    <item>
     <POS>6</POS>
     <NAME>HIGH</NAME>
     <TYPE_KIND>C</TYPE_KIND>
     <LENGTH>40</LENGTH>
    </item>
    <item>
     <POS>7</POS>
     <NAME>MODIFIER</NAME>
     <TYPE_KIND>C</TYPE_KIND>
     <LENGTH>12</LENGTH>
    </item>
    <item>
     <POS>8</POS>
     <NAME>MODDATE</NAME>
     <TYPE_KIND>D</TYPE_KIND>
     <LENGTH>8</LENGTH>
    </item>
    <item>
     <POS>9</POS>
     <NAME>MODTIME</NAME>
     <TYPE_KIND>T</TYPE_KIND>
     <LENGTH>6</LENGTH>
    </item>
   </USOBT_field_catalog>
   <USOTT_field_catalog>
    <item>
     <POS>1</POS>
     <NAME>NAME</NAME>
     <TYPE_KIND>C</TYPE_KIND>
     <LENGTH>30</LENGTH>
     <IS_KEY>X</IS_KEY>
    </item>
    <item>
     <POS>2</POS>
     <NAME>TYPE</NAME>
     <TYPE_KIND>C</TYPE_KIND>
     <LENGTH>2</LENGTH>
     <IS_KEY>X</IS_KEY>
    </item>
    <item>
     <POS>3</POS>
     <NAME>SUBNAME</NAME>
     <TYPE_KIND>C</TYPE_KIND>
     <LENGTH>30</LENGTH>
     <IS_KEY>X</IS_KEY>
    </item>
    <item>
     <POS>4</POS>
     <NAME>SUBTYPE</NAME>
     <TYPE_KIND>C</TYPE_KIND>
     <LENGTH>2</LENGTH>
     <IS_KEY>X</IS_KEY>
    </item>
    <item>
     <POS>5</POS>
     <NAME>MODIFIER</NAME>
     <TYPE_KIND>C</TYPE_KIND>
     <LENGTH>12</LENGTH>
    </item>
    <item>
     <POS>6</POS>
     <NAME>MODDATE</NAME>
     <TYPE_KIND>D</TYPE_KIND>
     <LENGTH>8</LENGTH>
    </item>
    <item>
     <POS>7</POS>
     <NAME>MODTIME</NAME>
     <TYPE_KIND>T</TYPE_KIND>
     <LENGTH>6</LENGTH>
    </item>
   </USOTT_field_catalog>
   <USOBX>
    <USOBX>
     <NAME>0560C82AB51F743EAC25E4B5233360</NAME>
     <TYPE>HT</TYPE>
     <OBJECT>S_SERVICE</OBJECT>
     <MODIFIER>MATHEWBIN</MODIFIER>
     <MODDATE>2019-06-15</MODDATE>
     <MODTIME>21:16:34</MODTIME>
     <OKFLAG>X</OKFLAG>
    </USOBX>
   </USOBX>
   <USOBX_field_catalog>
    <item>
     <POS>1</POS>
     <NAME>NAME</NAME>
     <TYPE_KIND>C</TYPE_KIND>
     <LENGTH>30</LENGTH>
     <IS_KEY>X</IS_KEY>
    </item>
    <item>
     <POS>2</POS>
     <NAME>TYPE</NAME>
     <TYPE_KIND>C</TYPE_KIND>
     <LENGTH>2</LENGTH>
     <IS_KEY>X</IS_KEY>
    </item>
    <item>
     <POS>3</POS>
     <NAME>OBJECT</NAME>
     <TYPE_KIND>C</TYPE_KIND>
     <LENGTH>10</LENGTH>
     <IS_KEY>X</IS_KEY>
    </item>
    <item>
     <POS>4</POS>
     <NAME>MODIFIER</NAME>
     <TYPE_KIND>C</TYPE_KIND>
     <LENGTH>12</LENGTH>
    </item>
    <item>
     <POS>5</POS>
     <NAME>MODDATE</NAME>
     <TYPE_KIND>D</TYPE_KIND>
     <LENGTH>8</LENGTH>
    </item>
    <item>
     <POS>6</POS>
     <NAME>MODTIME</NAME>
     <TYPE_KIND>T</TYPE_KIND>
     <LENGTH>6</LENGTH>
    </item>
    <item>
     <POS>7</POS>
     <NAME>OKFLAG</NAME>
     <TYPE_KIND>C</TYPE_KIND>
     <LENGTH>1</LENGTH>
    </item>
   </USOBX_field_catalog>
   <USOB_SM>
    <USOB_SM>
     <NAME>0560C82AB51F743EAC25E4B5233360</NAME>
     <TYPE>HT</TYPE>
     <MODIFIER>MATHEWBIN</MODIFIER>
     <MODDATE>2019-06-15</MODDATE>
     <MODTIME>21:16:34</MODTIME>
    </USOB_SM>
   </USOB_SM>
   <USOB_SM_field_catalog>
    <item>
     <POS>1</POS>
     <NAME>NAME</NAME>
     <TYPE_KIND>C</TYPE_KIND>
     <LENGTH>30</LENGTH>
     <IS_KEY>X</IS_KEY>
    </item>
    <item>
     <POS>2</POS>
     <NAME>TYPE</NAME>
     <TYPE_KIND>C</TYPE_KIND>
     <LENGTH>2</LENGTH>
     <IS_KEY>X</IS_KEY>
    </item>
    <item>
     <POS>3</POS>
     <NAME>MODIFIER</NAME>
     <TYPE_KIND>C</TYPE_KIND>
     <LENGTH>12</LENGTH>
    </item>
    <item>
     <POS>4</POS>
     <NAME>MODDATE</NAME>
     <TYPE_KIND>D</TYPE_KIND>
     <LENGTH>8</LENGTH>
    </item>
    <item>
     <POS>5</POS>
     <NAME>MODTIME</NAME>
     <TYPE_KIND>T</TYPE_KIND>
     <LENGTH>6</LENGTH>
    </item>
    <item>
     <POS>6</POS>
     <NAME>OKFLAG</NAME>
     <TYPE_KIND>C</TYPE_KIND>
     <LENGTH>1</LENGTH>
    </item>
    <item>
     <POS>7</POS>
     <NAME>ATTRIBUTES</NAME>
     <TYPE_KIND>C</TYPE_KIND>
     <LENGTH>10</LENGTH>
    </item>
    <item>
     <POS>8</POS>
     <NAME>ABAP_LANGUAGE_VERSION</NAME>
     <TYPE_KIND>C</TYPE_KIND>
     <LENGTH>1</LENGTH>
    </item>
   </USOB_SM_field_catalog>
   <SU2X_TEXT_field_catalog>
    <item>
     <POS>1</POS>
     <NAME>SPRAS</NAME>
     <TYPE_KIND>C</TYPE_KIND>
     <LENGTH>1</LENGTH>
     <IS_KEY>X</IS_KEY>
    </item>
    <item>
     <POS>2</POS>
     <NAME>NAME</NAME>
     <TYPE_KIND>C</TYPE_KIND>
     <LENGTH>30</LENGTH>
     <IS_KEY>X</IS_KEY>
    </item>
    <item>
     <POS>3</POS>
     <NAME>TYPE</NAME>
     <TYPE_KIND>C</TYPE_KIND>
     <LENGTH>2</LENGTH>
     <IS_KEY>X</IS_KEY>
    </item>
    <item>
     <POS>4</POS>
     <NAME>OBJECT</NAME>
     <TYPE_KIND>C</TYPE_KIND>
     <LENGTH>10</LENGTH>
     <IS_KEY>X</IS_KEY>
    </item>
    <item>
     <POS>5</POS>
     <NAME>AREA</NAME>
     <TYPE_KIND>C</TYPE_KIND>
     <LENGTH>1</LENGTH>
     <IS_KEY>X</IS_KEY>
    </item>
    <item>
     <POS>6</POS>
     <NAME>LINE</NAME>
     <TYPE_KIND>N</TYPE_KIND>
     <LENGTH>5</LENGTH>
     <IS_KEY>X</IS_KEY>
    </item>
    <item>
     <POS>7</POS>
     <NAME>TEXT</NAME>
     <TYPE_KIND>C</TYPE_KIND>
     <LENGTH>128</LENGTH>
    </item>
    <item>
     <POS>8</POS>
     <NAME>MODIFIER</NAME>
     <TYPE_KIND>C</TYPE_KIND>
     <LENGTH>12</LENGTH>
    </item>
    <item>
     <POS>9</POS>
     <NAME>MODDATE</NAME>
     <TYPE_KIND>D</TYPE_KIND>
     <LENGTH>8</LENGTH>
    </item>
    <item>
     <POS>10</POS>
     <NAME>MODTIME</NAME>
     <TYPE_KIND>T</TYPE_KIND>
     <LENGTH>6</LENGTH>
    </item>
   </SU2X_TEXT_field_catalog>
  </asx:values>
 </asx:abap>
</abapGit>
