﻿<?xml version="1.0" encoding="utf-8"?>
<abapGit version="v1.0.0" serializer="ZCL_ABAPGIT_OBJECT_BY_SOBJ" serializer_version="1.0">
 <asx:abap xmlns:asx="http://www.sap.com/abapxml" version="1.0">
  <asx:values>
   <_-IWBEP_-I_MGW_OHD>
    <_-IWBEP_-I_MGW_OHD>
     <TECHNICAL_NAME>Z_C_PURCHASEDOCUMENTALP_CDS</TECHNICAL_NAME>
     <VERSION>0001</VERSION>
     <CLASS_NAME>CL_NAT_GENERIC_MPC</CLASS_NAME>
     <CREATED_BY>MATHEWBIN</CREATED_BY>
     <CHANGED_BY>MATHEWBIN</CHANGED_BY>
     <CHANGED_TIMESTMP>20190615185453</CHANGED_TIMESTMP>
    </_-IWBEP_-I_MGW_OHD>
   </_-IWBEP_-I_MGW_OHD>
   <_-IWBEP_-I_MGW_OHD_field_catalog>
    <item>
     <POS>1</POS>
     <NAME>TECHNICAL_NAME</NAME>
     <TYPE_KIND>C</TYPE_KIND>
     <LENGTH>32</LENGTH>
     <IS_KEY>X</IS_KEY>
    </item>
    <item>
     <POS>2</POS>
     <NAME>VERSION</NAME>
     <TYPE_KIND>N</TYPE_KIND>
     <LENGTH>4</LENGTH>
     <IS_KEY>X</IS_KEY>
    </item>
    <item>
     <POS>3</POS>
     <NAME>CLASS_NAME</NAME>
     <TYPE_KIND>C</TYPE_KIND>
     <LENGTH>30</LENGTH>
    </item>
    <item>
     <POS>4</POS>
     <NAME>CREATED_BY</NAME>
     <TYPE_KIND>C</TYPE_KIND>
     <LENGTH>12</LENGTH>
    </item>
    <item>
     <POS>5</POS>
     <NAME>CHANGED_BY</NAME>
     <TYPE_KIND>C</TYPE_KIND>
     <LENGTH>12</LENGTH>
    </item>
    <item>
     <POS>6</POS>
     <NAME>CREATED_TIMESTMP</NAME>
     <TYPE_KIND>P</TYPE_KIND>
     <LENGTH>8</LENGTH>
    </item>
    <item>
     <POS>7</POS>
     <NAME>CHANGED_TIMESTMP</NAME>
     <TYPE_KIND>P</TYPE_KIND>
     <LENGTH>8</LENGTH>
    </item>
   </_-IWBEP_-I_MGW_OHD_field_catalog>
   <_-IWBEP_-I_MGW_OHT>
    <_-IWBEP_-I_MGW_OHT>
     <TECHNICAL_NAME>Z_C_PURCHASEDOCUMENTALP_CDS</TECHNICAL_NAME>
     <VERSION>0001</VERSION>
     <LANGUAGE>E</LANGUAGE>
     <DESCRIPTION>Purchase Documents ALP</DESCRIPTION>
    </_-IWBEP_-I_MGW_OHT>
   </_-IWBEP_-I_MGW_OHT>
   <_-IWBEP_-I_MGW_OHT_field_catalog>
    <item>
     <POS>1</POS>
     <NAME>TECHNICAL_NAME</NAME>
     <TYPE_KIND>C</TYPE_KIND>
     <LENGTH>32</LENGTH>
     <IS_KEY>X</IS_KEY>
    </item>
    <item>
     <POS>2</POS>
     <NAME>VERSION</NAME>
     <TYPE_KIND>N</TYPE_KIND>
     <LENGTH>4</LENGTH>
     <IS_KEY>X</IS_KEY>
    </item>
    <item>
     <POS>3</POS>
     <NAME>LANGUAGE</NAME>
     <TYPE_KIND>C</TYPE_KIND>
     <LENGTH>1</LENGTH>
     <IS_KEY>X</IS_KEY>
    </item>
    <item>
     <POS>4</POS>
     <NAME>DESCRIPTION</NAME>
     <TYPE_KIND>C</TYPE_KIND>
     <LENGTH>60</LENGTH>
    </item>
   </_-IWBEP_-I_MGW_OHT_field_catalog>
  </asx:values>
 </asx:abap>
</abapGit>
