﻿<?xml version="1.0" encoding="utf-8"?>
<abapGit version="v1.0.0" serializer="LCL_OBJECT_SUSO" serializer_version="v1.0.0">
 <asx:abap xmlns:asx="http://www.sap.com/abapxml" version="1.0">
  <asx:values>
   <TOBJ>
    <OBJCT>ZPURCHORGA</OBJCT>
    <FIEL1>ZPURCHORGA</FIEL1>
    <FIEL2>ACTVT</FIEL2>
    <OCLSS>ZPUR</OCLSS>
   </TOBJ>
   <TOBJT>
    <LANGU>E</LANGU>
    <OBJECT>ZPURCHORGA</OBJECT>
    <TTEXT>Purchasing Organization</TTEXT>
   </TOBJT>
   <TOBJVORFLG>
    <OBJCT>ZPURCHORGA</OBJCT>
   </TOBJVORFLG>
   <TACTZ>
    <TACTZ>
     <BROBJ>ZPURCHORGA</BROBJ>
     <ACTVT>01</ACTVT>
    </TACTZ>
    <TACTZ>
     <BROBJ>ZPURCHORGA</BROBJ>
     <ACTVT>02</ACTVT>
    </TACTZ>
    <TACTZ>
     <BROBJ>ZPURCHORGA</BROBJ>
     <ACTVT>03</ACTVT>
    </TACTZ>
    <TACTZ>
     <BROBJ>ZPURCHORGA</BROBJ>
     <ACTVT>06</ACTVT>
    </TACTZ>
   </TACTZ>
  </asx:values>
 </asx:abap>
</abapGit>
