﻿<?xml version="1.0" encoding="utf-8"?>
<abapGit version="v1.0.0" serializer="LCL_OBJECT_TABL" serializer_version="v1.0.0">
 <asx:abap xmlns:asx="http://www.sap.com/abapxml" version="1.0">
  <asx:values>
   <DD02V>
    <TABNAME>ZPURCHDOCITEM</TABNAME>
    <DDLANGUAGE>E</DDLANGUAGE>
    <TABCLASS>TRANSP</TABCLASS>
    <CLIDEP>X</CLIDEP>
    <LANGDEP>X</LANGDEP>
    <DDTEXT>Purchase Document Item</DDTEXT>
    <MASTERLANG>E</MASTERLANG>
    <MAINFLAG>X</MAINFLAG>
    <CONTFLAG>A</CONTFLAG>
    <EXCLASS>4</EXCLASS>
   </DD02V>
   <DD09L>
    <TABNAME>ZPURCHDOCITEM</TABNAME>
    <AS4LOCAL>A</AS4LOCAL>
    <TABKAT>0</TABKAT>
    <TABART>APPL0</TABART>
    <BUFALLOW>N</BUFALLOW>
   </DD09L>
   <DD03P_TABLE>
    <DD03P>
     <TABNAME>ZPURCHDOCITEM</TABNAME>
     <FIELDNAME>CLIENT</FIELDNAME>
     <DDLANGUAGE>E</DDLANGUAGE>
     <POSITION>0001</POSITION>
     <KEYFLAG>X</KEYFLAG>
     <ADMINFIELD>0</ADMINFIELD>
     <INTTYPE>C</INTTYPE>
     <INTLEN>000006</INTLEN>
     <NOTNULL>X</NOTNULL>
     <DATATYPE>CLNT</DATATYPE>
     <LENG>000003</LENG>
     <MASK>  CLNT</MASK>
    </DD03P>
    <DD03P>
     <TABNAME>ZPURCHDOCITEM</TABNAME>
     <FIELDNAME>PURCHASEDOCUMENTITEM</FIELDNAME>
     <DDLANGUAGE>E</DDLANGUAGE>
     <POSITION>0002</POSITION>
     <KEYFLAG>X</KEYFLAG>
     <ADMINFIELD>0</ADMINFIELD>
     <INTTYPE>C</INTTYPE>
     <INTLEN>000020</INTLEN>
     <NOTNULL>X</NOTNULL>
     <DATATYPE>CHAR</DATATYPE>
     <LENG>000010</LENG>
     <MASK>  CHAR</MASK>
     <DDTEXT>Purchase Document Item</DDTEXT>
    </DD03P>
    <DD03P>
     <TABNAME>ZPURCHDOCITEM</TABNAME>
     <FIELDNAME>PURCHASEDOCUMENT</FIELDNAME>
     <POSITION>0003</POSITION>
     <KEYFLAG>X</KEYFLAG>
     <ROLLNAME>ZPURCHASEDOCUMENTDTEL</ROLLNAME>
     <CHECKTABLE>ZPURCHDOCUMENT</CHECKTABLE>
     <ADMINFIELD>0</ADMINFIELD>
     <NOTNULL>X</NOTNULL>
     <SHLPORIGIN>P</SHLPORIGIN>
     <COMPTYPE>E</COMPTYPE>
    </DD03P>
    <DD03P>
     <TABNAME>ZPURCHDOCITEM</TABNAME>
     <FIELDNAME>DESCRIPTION</FIELDNAME>
     <DDLANGUAGE>E</DDLANGUAGE>
     <POSITION>0004</POSITION>
     <ADMINFIELD>0</ADMINFIELD>
     <INTTYPE>g</INTTYPE>
     <INTLEN>000008</INTLEN>
     <DATATYPE>SSTR</DATATYPE>
     <LENG>000128</LENG>
     <MASK>  SSTR</MASK>
     <DDTEXT>Description</DDTEXT>
    </DD03P>
    <DD03P>
     <TABNAME>ZPURCHDOCITEM</TABNAME>
     <FIELDNAME>PRICE</FIELDNAME>
     <DDLANGUAGE>E</DDLANGUAGE>
     <POSITION>0005</POSITION>
     <ADMINFIELD>0</ADMINFIELD>
     <INTTYPE>P</INTTYPE>
     <INTLEN>000007</INTLEN>
     <REFTABLE>ZPURCHDOCITEM</REFTABLE>
     <REFFIELD>CURRENCY</REFFIELD>
     <DATATYPE>CURR</DATATYPE>
     <LENG>000013</LENG>
     <DECIMALS>000002</DECIMALS>
     <MASK>  CURR</MASK>
     <DDTEXT>Price</DDTEXT>
    </DD03P>
    <DD03P>
     <TABNAME>ZPURCHDOCITEM</TABNAME>
     <FIELDNAME>CURRENCY</FIELDNAME>
     <DDLANGUAGE>E</DDLANGUAGE>
     <POSITION>0006</POSITION>
     <ADMINFIELD>0</ADMINFIELD>
     <INTTYPE>C</INTTYPE>
     <INTLEN>000010</INTLEN>
     <DATATYPE>CUKY</DATATYPE>
     <LENG>000005</LENG>
     <MASK>  CUKY</MASK>
     <DDTEXT>Currency</DDTEXT>
    </DD03P>
    <DD03P>
     <TABNAME>ZPURCHDOCITEM</TABNAME>
     <FIELDNAME>QUANTITY</FIELDNAME>
     <DDLANGUAGE>E</DDLANGUAGE>
     <POSITION>0007</POSITION>
     <ADMINFIELD>0</ADMINFIELD>
     <INTTYPE>P</INTTYPE>
     <INTLEN>000007</INTLEN>
     <REFTABLE>ZPURCHDOCITEM</REFTABLE>
     <REFFIELD>QUANTITYUNIT</REFFIELD>
     <DATATYPE>QUAN</DATATYPE>
     <LENG>000013</LENG>
     <DECIMALS>000002</DECIMALS>
     <MASK>  QUAN</MASK>
     <DDTEXT>Quantity</DDTEXT>
    </DD03P>
    <DD03P>
     <TABNAME>ZPURCHDOCITEM</TABNAME>
     <FIELDNAME>QUANTITYUNIT</FIELDNAME>
     <DDLANGUAGE>E</DDLANGUAGE>
     <POSITION>0008</POSITION>
     <ADMINFIELD>0</ADMINFIELD>
     <INTTYPE>C</INTTYPE>
     <INTLEN>000006</INTLEN>
     <DATATYPE>UNIT</DATATYPE>
     <LENG>000003</LENG>
     <MASK>  UNIT</MASK>
     <DDTEXT>Unit</DDTEXT>
    </DD03P>
    <DD03P>
     <TABNAME>ZPURCHDOCITEM</TABNAME>
     <FIELDNAME>VENDOR</FIELDNAME>
     <DDLANGUAGE>E</DDLANGUAGE>
     <POSITION>0009</POSITION>
     <ADMINFIELD>0</ADMINFIELD>
     <INTTYPE>g</INTTYPE>
     <INTLEN>000008</INTLEN>
     <DATATYPE>SSTR</DATATYPE>
     <LENG>000032</LENG>
     <MASK>  SSTR</MASK>
     <DDTEXT>Vendor</DDTEXT>
    </DD03P>
    <DD03P>
     <TABNAME>ZPURCHDOCITEM</TABNAME>
     <FIELDNAME>VENDORTYPE</FIELDNAME>
     <DDLANGUAGE>E</DDLANGUAGE>
     <POSITION>0010</POSITION>
     <ADMINFIELD>0</ADMINFIELD>
     <INTTYPE>g</INTTYPE>
     <INTLEN>000008</INTLEN>
     <DATATYPE>SSTR</DATATYPE>
     <LENG>000032</LENG>
     <MASK>  SSTR</MASK>
     <DDTEXT>Vendor Type</DDTEXT>
    </DD03P>
    <DD03P>
     <TABNAME>ZPURCHDOCITEM</TABNAME>
     <FIELDNAME>PURCHASEDOCUMENTITEMIMAGEURL</FIELDNAME>
     <DDLANGUAGE>E</DDLANGUAGE>
     <POSITION>0011</POSITION>
     <ADMINFIELD>0</ADMINFIELD>
     <INTTYPE>g</INTTYPE>
     <INTLEN>000008</INTLEN>
     <DATATYPE>SSTR</DATATYPE>
     <LENG>000255</LENG>
     <MASK>  SSTR</MASK>
     <DDTEXT>Purchase Document Item Image URL</DDTEXT>
    </DD03P>
    <DD03P>
     <TABNAME>ZPURCHDOCITEM</TABNAME>
     <FIELDNAME>.INCLUDE</FIELDNAME>
     <DDLANGUAGE>E</DDLANGUAGE>
     <POSITION>0012</POSITION>
     <ADMINFIELD>0</ADMINFIELD>
     <PRECFIELD>/BOBF/S_LIB_ADMIN_DATA</PRECFIELD>
     <MASK>      S</MASK>
     <DDTEXT>Admin Data to be included (/BOBF/CL_LIB_ADMIN_DATA_TSM)</DDTEXT>
     <COMPTYPE>S</COMPTYPE>
    </DD03P>
   </DD03P_TABLE>
   <DD05M_TABLE>
    <DD05M>
     <TABNAME>ZPURCHDOCITEM</TABNAME>
     <FIELDNAME>PURCHASEDOCUMENT</FIELDNAME>
     <FORTABLE>ZPURCHDOCITEM</FORTABLE>
     <FORKEY>CLIENT</FORKEY>
     <CHECKTABLE>ZPURCHDOCUMENT</CHECKTABLE>
     <CHECKFIELD>CLIENT</CHECKFIELD>
     <PRIMPOS>0001</PRIMPOS>
     <DATATYPE>CLNT</DATATYPE>
     <LENG>000003</LENG>
    </DD05M>
    <DD05M>
     <TABNAME>ZPURCHDOCITEM</TABNAME>
     <FIELDNAME>PURCHASEDOCUMENT</FIELDNAME>
     <FORTABLE>ZPURCHDOCITEM</FORTABLE>
     <FORKEY>PURCHASEDOCUMENT</FORKEY>
     <CHECKTABLE>ZPURCHDOCUMENT</CHECKTABLE>
     <CHECKFIELD>PURCHASEDOCUMENT</CHECKFIELD>
     <PRIMPOS>0002</PRIMPOS>
     <DOMNAME>CHAR10</DOMNAME>
     <DATATYPE>CHAR</DATATYPE>
     <LENG>000010</LENG>
    </DD05M>
   </DD05M_TABLE>
   <DD08V_TABLE>
    <DD08V>
     <TABNAME>ZPURCHDOCITEM</TABNAME>
     <FIELDNAME>PURCHASEDOCUMENT</FIELDNAME>
     <DDLANGUAGE>E</DDLANGUAGE>
     <CHECKTABLE>ZPURCHDOCUMENT</CHECKTABLE>
     <FRKART>KEY</FRKART>
     <CARD>N</CARD>
     <CARDLEFT>1</CARDLEFT>
    </DD08V>
   </DD08V_TABLE>
  </asx:values>
 </asx:abap>
</abapGit>
