﻿<?xml version="1.0" encoding="utf-8"?>
<abapGit version="v1.0.0" serializer="LCL_OBJECT_TABL" serializer_version="v1.0.0">
 <asx:abap xmlns:asx="http://www.sap.com/abapxml" version="1.0">
  <asx:values>
   <DD02V>
    <TABNAME>ZSIPURCHASEDOCUMENTITEMTP_D</TABNAME>
    <DDLANGUAGE>E</DDLANGUAGE>
    <TABCLASS>INTTAB</TABCLASS>
    <LANGDEP>X</LANGDEP>
    <DDTEXT>#GENERATED#</DDTEXT>
    <EXCLASS>4</EXCLASS>
   </DD02V>
   <DD03P_TABLE>
    <DD03P>
     <TABNAME>ZSIPURCHASEDOCUMENTITEMTP_D</TABNAME>
     <FIELDNAME>PURCHASEDOCUMENTITEM</FIELDNAME>
     <DDLANGUAGE>E</DDLANGUAGE>
     <POSITION>0001</POSITION>
     <KEYFLAG>X</KEYFLAG>
     <ADMINFIELD>0</ADMINFIELD>
     <INTTYPE>C</INTTYPE>
     <INTLEN>000020</INTLEN>
     <DATATYPE>CHAR</DATATYPE>
     <LENG>000010</LENG>
     <MASK>  CHAR</MASK>
    </DD03P>
    <DD03P>
     <TABNAME>ZSIPURCHASEDOCUMENTITEMTP_D</TABNAME>
     <FIELDNAME>PURCHASEDOCUMENT</FIELDNAME>
     <POSITION>0002</POSITION>
     <KEYFLAG>X</KEYFLAG>
     <ROLLNAME>ZPURCHASEDOCUMENTDTEL</ROLLNAME>
     <ADMINFIELD>0</ADMINFIELD>
     <COMPTYPE>E</COMPTYPE>
    </DD03P>
    <DD03P>
     <TABNAME>ZSIPURCHASEDOCUMENTITEMTP_D</TABNAME>
     <FIELDNAME>DESCRIPTION</FIELDNAME>
     <DDLANGUAGE>E</DDLANGUAGE>
     <POSITION>0003</POSITION>
     <ADMINFIELD>0</ADMINFIELD>
     <INTTYPE>g</INTTYPE>
     <INTLEN>000008</INTLEN>
     <DATATYPE>SSTR</DATATYPE>
     <LENG>000128</LENG>
     <MASK>  SSTR</MASK>
    </DD03P>
    <DD03P>
     <TABNAME>ZSIPURCHASEDOCUMENTITEMTP_D</TABNAME>
     <FIELDNAME>PRICE</FIELDNAME>
     <DDLANGUAGE>E</DDLANGUAGE>
     <POSITION>0004</POSITION>
     <ADMINFIELD>0</ADMINFIELD>
     <INTTYPE>P</INTTYPE>
     <INTLEN>000007</INTLEN>
     <REFTABLE>ZSIPURCHASEDOCUMENTITEMTP_D</REFTABLE>
     <REFFIELD>CURRENCY</REFFIELD>
     <DATATYPE>CURR</DATATYPE>
     <LENG>000013</LENG>
     <DECIMALS>000002</DECIMALS>
     <MASK>  CURR</MASK>
    </DD03P>
    <DD03P>
     <TABNAME>ZSIPURCHASEDOCUMENTITEMTP_D</TABNAME>
     <FIELDNAME>CURRENCY</FIELDNAME>
     <DDLANGUAGE>E</DDLANGUAGE>
     <POSITION>0005</POSITION>
     <ADMINFIELD>0</ADMINFIELD>
     <INTTYPE>C</INTTYPE>
     <INTLEN>000010</INTLEN>
     <DATATYPE>CUKY</DATATYPE>
     <LENG>000005</LENG>
     <MASK>  CUKY</MASK>
    </DD03P>
    <DD03P>
     <TABNAME>ZSIPURCHASEDOCUMENTITEMTP_D</TABNAME>
     <FIELDNAME>QUANTITY</FIELDNAME>
     <DDLANGUAGE>E</DDLANGUAGE>
     <POSITION>0006</POSITION>
     <ADMINFIELD>0</ADMINFIELD>
     <INTTYPE>P</INTTYPE>
     <INTLEN>000007</INTLEN>
     <REFTABLE>ZSIPURCHASEDOCUMENTITEMTP_D</REFTABLE>
     <REFFIELD>QUANTITYUNIT</REFFIELD>
     <DATATYPE>QUAN</DATATYPE>
     <LENG>000013</LENG>
     <DECIMALS>000002</DECIMALS>
     <MASK>  QUAN</MASK>
    </DD03P>
    <DD03P>
     <TABNAME>ZSIPURCHASEDOCUMENTITEMTP_D</TABNAME>
     <FIELDNAME>QUANTITYUNIT</FIELDNAME>
     <DDLANGUAGE>E</DDLANGUAGE>
     <POSITION>0007</POSITION>
     <ADMINFIELD>0</ADMINFIELD>
     <INTTYPE>C</INTTYPE>
     <INTLEN>000006</INTLEN>
     <DATATYPE>UNIT</DATATYPE>
     <LENG>000003</LENG>
     <MASK>  UNIT</MASK>
    </DD03P>
    <DD03P>
     <TABNAME>ZSIPURCHASEDOCUMENTITEMTP_D</TABNAME>
     <FIELDNAME>VENDOR</FIELDNAME>
     <DDLANGUAGE>E</DDLANGUAGE>
     <POSITION>0008</POSITION>
     <ADMINFIELD>0</ADMINFIELD>
     <INTTYPE>g</INTTYPE>
     <INTLEN>000008</INTLEN>
     <DATATYPE>SSTR</DATATYPE>
     <LENG>000032</LENG>
     <MASK>  SSTR</MASK>
    </DD03P>
    <DD03P>
     <TABNAME>ZSIPURCHASEDOCUMENTITEMTP_D</TABNAME>
     <FIELDNAME>VENDORTYPE</FIELDNAME>
     <DDLANGUAGE>E</DDLANGUAGE>
     <POSITION>0009</POSITION>
     <ADMINFIELD>0</ADMINFIELD>
     <INTTYPE>g</INTTYPE>
     <INTLEN>000008</INTLEN>
     <DATATYPE>SSTR</DATATYPE>
     <LENG>000032</LENG>
     <MASK>  SSTR</MASK>
    </DD03P>
    <DD03P>
     <TABNAME>ZSIPURCHASEDOCUMENTITEMTP_D</TABNAME>
     <FIELDNAME>PURCHASEDOCUMENTITEMIMAGEURL</FIELDNAME>
     <DDLANGUAGE>E</DDLANGUAGE>
     <POSITION>0010</POSITION>
     <ADMINFIELD>0</ADMINFIELD>
     <INTTYPE>g</INTTYPE>
     <INTLEN>000008</INTLEN>
     <DATATYPE>SSTR</DATATYPE>
     <LENG>000255</LENG>
     <MASK>  SSTR</MASK>
    </DD03P>
    <DD03P>
     <TABNAME>ZSIPURCHASEDOCUMENTITEMTP_D</TABNAME>
     <FIELDNAME>.INCLUDE</FIELDNAME>
     <DDLANGUAGE>E</DDLANGUAGE>
     <POSITION>0011</POSITION>
     <ADMINFIELD>0</ADMINFIELD>
     <PRECFIELD>/BOBF/S_LIB_ADMIN_DATA</PRECFIELD>
     <MASK>      S</MASK>
     <DDTEXT>Admin Data to be included (/BOBF/CL_LIB_ADMIN_DATA_TSM)</DDTEXT>
     <COMPTYPE>S</COMPTYPE>
    </DD03P>
    <DD03P>
     <TABNAME>ZSIPURCHASEDOCUMENTITEMTP_D</TABNAME>
     <FIELDNAME>OVERALLITEMPRICE</FIELDNAME>
     <DDLANGUAGE>E</DDLANGUAGE>
     <POSITION>0016</POSITION>
     <ADMINFIELD>0</ADMINFIELD>
     <INTTYPE>P</INTTYPE>
     <INTLEN>000008</INTLEN>
     <DATATYPE>DEC</DATATYPE>
     <LENG>000014</LENG>
     <DECIMALS>000004</DECIMALS>
     <MASK>  DEC</MASK>
    </DD03P>
   </DD03P_TABLE>
  </asx:values>
 </asx:abap>
</abapGit>
